date,open,high,low,close,volume
2018-06-12,0.25153086,0.25314748,0.23570171,0.23796056,6965552.69960748
2018-06-11,0.24960272,0.25307243,0.23895102,0.24990170,8837913.37696632
2018-06-10,0.28770508,0.28770508,0.24371882,0.24975197,13824111.54027463
2018-06-09,0.28779107,0.29090259,0.28761962,0.28779263,2713625.08974671
2018-06-08,0.29555137,0.29832257,0.28696144,0.28766550,5697928.24081941
2018-06-07,0.29537501,0.30151390,0.29480231,0.29635502,4156282.63350023
2018-06-06,0.29235482,0.29750104,0.28927362,0.29537501,4416245.97560997
2018-06-05,0.29004167,0.29544349,0.28407458,0.29235482,4581062.27637324
2018-06-04,0.30454362,0.30907739,0.28683054,0.28968601,6706134.05126998
2018-06-03,0.29791736,0.31060371,0.29640523,0.30440789,9094273.04294742
2018-06-02,0.28720788,0.30022634,0.28720788,0.29791859,6918267.73168886
2018-06-01,0.29730646,0.29804308,0.28196308,0.28822473,6910830.14177382
2018-05-31,0.27552178,0.30126997,0.27222738,0.29658588,9953240.40613083
2018-05-30,0.28207018,0.29073852,0.26641132,0.27531399,11131488.05215081
2018-05-29,0.25412184,0.28308731,0.24910974,0.28193303,11466225.69864618
2018-05-28,0.27572232,0.27836928,0.25378626,0.25427618,6458062.34003769
2018-05-27,0.28716782,0.28755252,0.27292680,0.27376324,9005335.67795613
2018-05-26,0.28771412,0.29540100,0.28679610,0.28741598,3977826.40145136
2018-05-25,0.29579423,0.30521885,0.28338876,0.28710309,6459069.11464661
2018-05-24,0.28077001,0.30217270,0.27860506,0.29570706,12826362.14968975
2018-05-23,0.30085791,0.30189894,0.27219308,0.27994617,8176299.49643592
2018-05-22,0.31971874,0.32156573,0.30062715,0.30163958,6598509.72630722
2018-05-21,0.32564149,0.32988414,0.31712981,0.32031736,4625254.53176848
2018-05-20,0.31677983,0.32957526,0.31671199,0.32537436,6541017.28282410
2018-05-19,0.31783054,0.32508660,0.31391599,0.31671622,3912077.38001679
2018-05-18,0.31368155,0.31980048,0.30632383,0.31857966,5336910.29844251
2018-05-17,0.33114602,0.33846218,0.31274386,0.31348001,5776403.58063754
2018-05-16,0.34409282,0.34448574,0.32070922,0.33152522,12936813.97452674
2018-05-15,0.36483671,0.37074673,0.34478461,0.34553494,7521219.12056861
2018-05-14,0.37065931,0.37875981,0.34365534,0.36448515,8239778.11561551
2018-05-13,0.35773965,0.37872975,0.35175994,0.37154658,6443645.65827654
2018-05-12,0.31202651,0.36212757,0.30033992,0.35583616,10126346.31050897
2018-05-11,0.35009560,0.35408123,0.29831983,0.31220220,14986383.82144838
2018-05-10,0.37150179,0.38340061,0.34996802,0.34996802,4386817.07474567
2018-05-09,0.38468624,0.38567877,0.36070807,0.37164854,6591387.81788604
2018-05-08,0.39338287,0.40845584,0.37577686,0.38476092,5667693.78290052
2018-05-07,0.40960909,0.41080025,0.37644403,0.39332268,6788950.47552597
2018-05-06,0.42783783,0.42999996,0.40118374,0.40971314,4535556.18298117
2018-05-05,0.42973929,0.43375035,0.42438872,0.42795987,3752862.36035549
2018-05-04,0.43580769,0.43802614,0.42055850,0.42799346,4919780.25621398
2018-05-03,0.43968521,0.44081734,0.42746703,0.43580766,10627033.62044737
2018-05-02,0.43979204,0.44780866,0.43034374,0.43968487,5470376.70718472
2018-05-01,0.42555461,0.44790883,0.39374364,0.44074481,14244773.41069780
2018-04-30,0.45511487,0.45743281,0.41466305,0.42397150,5612106.65694681
2018-04-29,0.42946798,0.45857305,0.42094163,0.45136267,9744173.71942775
2018-04-28,0.38554925,0.43478205,0.38554925,0.42950011,10281253.00856792
2018-04-27,0.38461642,0.42052458,0.38089578,0.39126127,11992303.65898398
2018-04-26,0.33706988,0.38461233,0.32865718,0.38461233,10125014.91159985
2018-04-25,0.39679268,0.39679268,0.32265247,0.33800243,19035112.50111793
2018-04-24,0.37235162,0.40739103,0.36996113,0.39943170,10743771.99213558
2018-04-23,0.36635756,0.37690606,0.36553844,0.37152177,3986040.45011011
2018-04-22,0.37225290,0.38530080,0.36371284,0.36682340,5176160.08374141
2018-04-21,0.39212072,0.39934260,0.34508537,0.37346561,9927601.90839655
2018-04-20,0.36753156,0.39877534,0.35256539,0.39247260,23063119.09851315
2018-04-19,0.35304645,0.37469464,0.34688522,0.36851538,19348827.50785014
2018-04-18,0.30182679,0.35537565,0.30150523,0.35257841,17336830.29702405
2018-04-17,0.28544410,0.32049351,0.28028132,0.30111646,18166848.88831992
2018-04-16,0.29308715,0.30341321,0.27071949,0.28466482,10343328.84171470
2018-04-15,0.25324027,0.29989266,0.25324027,0.29313048,12787631.37561208
2018-04-14,0.24609575,0.26198682,0.24236416,0.25332492,4719943.93847232
2018-04-13,0.24405037,0.26850991,0.23175656,0.24537975,19680251.27512468
2018-04-12,0.21320939,0.24384102,0.20744852,0.24293302,16696983.55937932
2018-04-11,0.19864019,0.21354102,0.19864019,0.21354102,8876212.35594187
2018-04-10,0.19652143,0.20178400,0.19652143,0.19922507,3441138.96896377
2018-04-09,0.20793131,0.21337004,0.19291464,0.19652264,5396999.26402653
2018-04-08,0.20243432,0.20987399,0.20224554,0.20793126,2304546.45581892
2018-04-07,0.19693020,0.20828503,0.19674247,0.20202719,6531882.89868347
2018-04-06,0.19711152,0.20001074,0.19141269,0.19579353,4493993.89728762
2018-04-05,0.20382249,0.20761568,0.19176585,0.19835687,11142184.84215232
2018-04-04,0.23083251,0.23317018,0.20017766,0.20233133,10736385.13981743
2018-04-03,0.22324588,0.23688354,0.22324588,0.23312353,10584329.50668996
2018-04-02,0.20551012,0.23236409,0.20359174,0.22382933,12592229.77218200
2018-04-01,0.20489761,0.21124374,0.18881830,0.20584650,7746279.04347006
2018-03-31,0.18711656,0.21881772,0.18711656,0.20419383,8057501.01176825
2018-03-30,0.19083491,0.20085155,0.17554157,0.18720721,11706519.15460042
2018-03-29,0.21979082,0.22107579,0.18772528,0.19136209,15241760.44670139
2018-03-28,0.21506702,0.22488111,0.21368179,0.22048142,3605362.41942211
2018-03-27,0.23028802,0.23094208,0.20599383,0.21528022,9833207.98652412
2018-03-26,0.23994431,0.24519126,0.21799252,0.22948698,6903872.90422390
2018-03-25,0.23400705,0.24269945,0.23209762,0.24127893,3928925.18979871
2018-03-24,0.23651518,0.24448120,0.23308193,0.23602905,5395555.00172432
2018-03-23,0.24394312,0.24394312,0.22502446,0.23501852,8066163.07843406
2018-03-22,0.25023733,0.25684793,0.22775413,0.24198108,8319205.16590268
2018-03-21,0.26591074,0.27103723,0.24448653,0.25058377,11353996.13712186
2018-03-20,0.24623801,0.27715141,0.23557552,0.26381712,3197768.99144766
2018-03-19,0.22340594,0.24614771,0.21405571,0.24453769,3685177.28823109
2018-03-18,0.21481317,0.23740862,0.16438675,0.22350048,5559280.44942789
2018-03-17,0.23791622,0.24158484,0.20910000,0.21522953,1600617.51336450
2018-03-16,0.25360844,0.25522039,0.23685901,0.23784019,1381526.84074640
2018-03-15,0.26852541,0.27070527,0.23834671,0.25360597,2325210.54230260
2018-03-14,0.30129838,0.30707289,0.26164471,0.26798201,1702061.60445714
2018-03-13,0.30179913,0.30942606,0.29363679,0.29785408,1192594.15026970
2018-03-12,0.31104558,0.31979343,0.29530909,0.30242713,1260774.40265610
2018-03-11,0.30132906,0.31306389,0.29001674,0.31306389,1718171.35975400
2018-03-10,0.31472922,0.32466003,0.29484900,0.30014110,1671751.32128941
2018-03-09,0.32741974,0.32855747,0.28346988,0.31394522,2577919.18377589
2018-03-08,0.33993730,0.35071880,0.32000957,0.32805114,1565075.53814895
2018-03-07,0.34511910,0.35529762,0.31109740,0.33995819,2113928.43537660
2018-03-06,0.35571462,0.36890975,0.34113842,0.34125309,1765536.30554020
2018-03-05,0.36432934,0.40361797,0.35646762,0.35646762,3138882.63482740
2018-03-04,0.34439330,0.36666625,0.33843925,0.36436240,3667949.75290960
2018-03-03,0.32641622,0.34509593,0.31622610,0.34509593,1609534.05165148
2018-03-02,0.33410069,0.34700000,0.32405930,0.32717820,2537473.66903620
2018-03-01,0.35301495,0.36571584,0.33429641,0.33429641,1782469.26093300
2018-02-28,0.36464688,0.37122440,0.35308572,0.35309440,1257761.97787360
2018-02-27,0.36143853,0.37262523,0.35785900,0.36398787,1168757.41336298
2018-02-26,0.35007537,0.37149387,0.34282574,0.36143853,1201010.38151932
2018-02-25,0.35442598,0.36239134,0.33857151,0.35008673,1168115.21734064
2018-02-24,0.37384732,0.38422094,0.34714539,0.35624176,1290547.18983890
2018-02-23,0.37685862,0.39359251,0.36107387,0.37553651,1415359.71091314
2018-02-22,0.38919306,0.40895586,0.35613080,0.37685015,1821801.56764640
2018-02-21,0.40630411,0.42953149,0.37813145,0.39138787,2337034.64291726
2018-02-20,0.44706854,0.45157157,0.40525517,0.40525517,1817398.49503556
2018-02-19,0.45352268,0.46417660,0.44609065,0.44706209,1014348.78861608
2018-02-18,0.48231512,0.48828864,0.44278592,0.45352230,2882808.49504816
2018-02-17,0.45808236,0.52515827,0.45300949,0.48325886,4982051.68043940
2018-02-16,0.46026583,0.46730678,0.44289678,0.45684942,943294.21769218
2018-02-15,0.45880000,0.47324917,0.44591522,0.46408339,2063979.85556525
2018-02-14,0.40977172,0.45892877,0.40552906,0.45780000,2580398.38928130
2018-02-13,0.39520582,0.45854784,0.37917899,0.40996592,8956868.87385600
2018-02-12,0.37675409,0.40067957,0.37675409,0.39560400,1063230.96781981
2018-02-11,0.40468411,0.40468411,0.36163721,0.37675308,1756797.80140369
2018-02-10,0.39851348,0.44509148,0.37895817,0.40158129,2883651.41470777
2018-02-09,0.37010000,0.40447866,0.35500000,0.39323420,2418824.25404780
2018-02-08,0.35694784,0.39224225,0.35320000,0.37300000,1631543.79724110
2018-02-07,0.37895445,0.41073177,0.34153033,0.35878122,3226020.53355364
2018-02-06,0.33042056,0.38362338,0.27990114,0.38281247,5351669.11460863
2018-02-05,0.40003042,0.42989208,0.30451405,0.32718350,4187885.34059551
2018-02-04,0.45567897,0.48193424,0.38120000,0.39976623,2780426.88467204
2018-02-03,0.38423070,0.49272300,0.38365640,0.45562922,3798492.23709802
2018-02-02,0.50116300,0.54600000,0.38354630,0.38386350,286747.81462024
2018-02-01,0.64767620,0.64982940,0.48529929,0.50386700,310996.35353000
2018-01-31,0.64417205,0.64985940,0.64350000,0.64767620,363777.69593000
2018-01-30,0.64892380,0.65000000,0.61876000,0.64417205,268528.19084716
2018-01-29,0.68174360,0.68483300,0.64380540,0.64892380,278806.86917284
2018-01-28,0.67491320,0.68649700,0.67000000,0.68199900,276308.97653748
2018-01-27,0.67123160,0.68612460,0.67000000,0.67491320,276504.67416418
2018-01-26,0.68647540,0.68647540,0.64000000,0.67890420,276648.97017917
2018-01-25,0.60000000,0.73000000,0.60000000,0.68647540,276728.64490160
2018-01-23,0.68619460,0.68619460,0.55000000,0.55000000,278454.66432307
2018-01-22,0.64800000,0.68632460,0.64000000,0.68624380,280192.56927000
2018-01-21,0.68340060,0.68645000,0.55000000,0.55000000,285798.35261346
2018-01-20,0.68142200,0.71000000,0.67000000,0.68392140,279750.96660606
2018-01-19,0.68022580,0.68648000,0.67020000,0.68087120,278434.00651140
2018-01-18,0.68019120,0.80000000,0.67013060,0.68072660,259059.21759000
2018-01-17,0.65000000,0.85000000,0.50000000,0.68046660,150544.38089588
2018-01-16,0.65405620,0.85000000,0.65000000,0.65000000,128296.60047857
2018-01-15,0.61655440,0.85000000,0.61291480,0.65358540,175703.52963286
2018-01-14,0.69135240,0.70000000,0.55000000,0.61708220,205104.21603542
2018-01-13,0.68164390,0.85000000,0.65000000,0.69196680,159986.04215844
2018-01-12,0.57242180,0.75000000,0.57242180,0.68657190,221733.43980610
2018-01-11,0.56790100,0.75000000,0.56249720,0.57242180,202258.51563830
2018-01-10,0.67633050,0.83000000,0.50200000,0.56790100,278728.09976943
2018-01-09,0.79297280,0.82000000,0.63000000,0.82000000,211432.59978327
2018-01-08,0.71672000,1.01000000,0.70050960,0.79350560,160817.76194899
2018-01-07,0.75485280,0.90000000,0.70299310,0.71672000,181842.32225813
2018-01-06,0.86059160,0.99111100,0.60000000,0.75485280,148255.20143018
2018-01-05,0.85344160,1.01000000,0.84307560,0.86059160,186121.63453356
2018-01-04,0.90846200,1.50000000,0.82992440,0.85344160,115028.84208129
2018-01-03,0.60519160,1.10000000,0.60519160,0.90846200,233077.90104158
2018-01-02,0.50632980,0.70690600,0.50100100,0.60519160,287004.38908033
2018-01-01,0.34232210,0.50632980,0.34232210,0.50632980,257455.23209000
2017-12-31,0.45233210,0.52000000,0.34131450,0.34232210,391421.45795000
2017-12-30,0.29181680,0.45449000,0.29136760,0.45233210,307906.99032000
2017-12-29,0.29000000,0.29288880,0.29000000,0.29181680,567677.83569000
2017-12-28,0.28281010,0.29279080,0.28000000,0.29060520,551186.33273000
2017-12-27,0.26565080,0.28342710,0.26415780,0.28208170,655289.11754000
2017-12-26,0.24410200,0.26626980,0.24207780,0.26565080,579244.37837000
2017-12-25,0.25283830,0.30000000,0.24216860,0.24393160,511762.76050000
2017-12-24,0.30220500,0.30300000,0.25064000,0.25295550,551866.49410667
2017-12-23,0.24220060,0.30194300,0.24004800,0.30194300,462841.32424000
2017-12-22,0.27338980,0.27369000,0.24008800,0.24195380,585689.67354000
2017-12-21,0.26223300,0.30297000,0.24995440,0.27360660,635947.20108000
2017-12-20,0.27205050,0.27427430,0.24006800,0.26223300,629829.51475000
2017-12-19,0.26530990,0.27719070,0.26449850,0.27205050,434026.20434000
2017-12-18,0.28021510,0.28246180,0.26449470,0.26530990,289836.92750897
2017-12-17,0.21218030,0.28278000,0.21205240,0.28021510,496879.52242103
2017-12-16,0.25001000,0.35175900,0.20306110,0.21218030,324499.54487857
2017-12-15,0.18828500,0.25002500,0.18828500,0.25001000,425357.19453000
2017-12-14,0.15076000,0.19000580,0.15024320,0.18828500,672942.62691000
2017-12-13,0.15479730,0.15671940,0.15014900,0.15086040,815840.74168000
2017-12-12,0.14668900,0.15109640,0.14600600,0.14969600,706259.51539000
2017-12-11,0.12708310,0.14733190,0.12610930,0.14606570,749995.45382000
2017-12-10,0.13579460,0.13604660,0.10779520,0.12708310,944686.81616000
2017-12-09,0.14605100,0.15204840,0.13473660,0.13579460,681284.22922086
2017-12-08,0.15120430,0.15148810,0.13778770,0.14605100,825983.71545714
2017-12-07,0.13535720,0.15149390,0.13535720,0.15120430,347647.24971000
2017-12-06,0.11492940,0.20000000,0.11420930,0.13535720,855058.01558000
2017-12-05,0.09346610,0.11531290,0.09336210,0.11492940,1106547.86246000
2017-12-04,0.09309100,0.09423850,0.08968320,0.09404190,1074100.54574000
2017-12-03,0.09334550,0.09461980,0.09112190,0.09309100,1187304.67410000
2017-12-02,0.08299690,0.09749040,0.08251880,0.09334550,913324.96985000
2017-12-01,0.08030671,0.08331050,0.08001700,0.08299690,1514787.94885000
2017-11-30,0.07618980,0.08080010,0.07582110,0.08037290,1282868.24754000
2017-11-29,0.07698060,0.08857720,0.06515050,0.07624870,1360869.52142000
2017-11-28,0.05399650,0.07717300,0.05394710,0.07710500,1780964.45471000
2017-11-27,0.04759850,0.05399650,0.04759850,0.05388910,1785418.66529000
2017-11-26,0.04304090,0.04775370,0.04299280,0.04759850,2346082.37494000
2017-11-25,0.04076170,0.04326740,0.04065150,0.04304090,2297754.80486000
2017-11-24,0.04254290,0.04255290,0.03907510,0.04076170,2815487.39625000
2017-11-23,0.03906660,0.04287070,0.03904140,0.04254290,2802703.18062000
2017-11-22,0.03745560,0.03924540,0.03745560,0.03906660,2565028.54521000
2017-11-21,0.03878480,0.05000700,0.03754950,0.03757800,2339194.93200000
2017-11-20,0.03622880,0.03966750,0.03608360,0.03878480,2400989.74026000
2017-11-19,0.03589730,0.03818120,0.03587530,0.03622880,2433858.24160000
2017-11-18,0.03687960,0.03687960,0.03485640,0.03589730,2487096.17272000
2017-11-17,0.03587400,0.03741400,0.03546300,0.03687960,2386580.26168000
2017-11-16,0.04000500,0.04009450,0.03480400,0.03584800,2656508.00557000
2017-11-15,0.03487910,0.04002350,0.03487910,0.04002350,2524246.47779000
2017-11-14,0.03058640,0.03488110,0.03058240,0.03487910,2999903.31756000
2017-11-13,0.02875080,0.03159110,0.02808530,0.03058640,3093691.11151000
2017-11-12,0.03271470,0.03274610,0.02875080,0.02875080,2875296.38088000
2017-11-11,0.03279100,0.03569700,0.03262510,0.03271470,2740663.55952000
2017-11-10,0.03897470,0.03927760,0.03276200,0.03279100,2571876.92166000
2017-11-09,0.03290910,0.03901480,0.03290680,0.03897470,2518410.73974000
2017-11-08,0.03107110,0.03294690,0.02967350,0.03290910,3022273.41118000
2017-11-07,0.02798480,0.03197130,0.02798480,0.03107110,3114372.59363000
2017-11-06,0.02687810,0.02802490,0.02663840,0.02798710,3449372.75301000
2017-11-05,0.02764070,0.02764070,0.02662010,0.02687810,3381618.76536000
2017-11-04,0.02733610,0.02830370,0.02699030,0.02764070,3364977.29174000
2017-11-03,0.02736990,0.02780260,0.02610220,0.02733610,3385407.66702000
2017-11-02,0.02786250,0.02808600,0.02430840,0.02736990,3391658.35693000
2017-11-01,0.02896930,0.02984010,0.02769630,0.02786250,3208760.35493000
2017-10-31,0.03157580,0.03160490,0.02897110,0.02899830,3026532.74716000
2017-10-30,0.03121790,0.03157580,0.03046140,0.03157580,3012045.82629000
2017-10-29,0.03191320,0.03230170,0.03070460,0.03123580,3159749.51931000
2017-10-28,0.03415190,0.03428270,0.03191320,0.03191320,2773113.35420000
2017-10-27,0.03523410,0.03523410,0.03335810,0.03415190,2700274.38886000
2017-10-26,0.03499340,0.03672440,0.03497300,0.03523410,2626052.28091000
2017-10-25,0.04109650,0.04111870,0.03447860,0.03499340,2442867.26271000
2017-10-24,0.03266960,0.04111870,0.03266960,0.04107860,2432017.63891000
2017-10-23,0.03262410,0.03321700,0.03048160,0.03267210,2838361.66791000
2017-10-22,0.02808710,0.03729210,0.02808520,0.03266200,2610546.95287000
2017-10-21,0.02641810,0.02812530,0.02461460,0.02808710,3765767.89945000
2017-10-20,0.03176810,0.03177660,0.02557460,0.02641810,3103775.68247000
2017-10-19,0.03514400,0.03518410,0.03058710,0.03176810,2785437.93802000
2017-10-18,0.04556910,0.04625680,0.03401060,0.03518410,2396793.31290000
2017-10-17,0.03543970,0.04614000,0.03543970,0.04555840,2551347.55465610
2017-10-16,0.01827910,0.04470010,0.01827720,0.03543970,3265261.34413000
2017-10-15,0.01840200,0.01840410,0.01704370,0.01827720,5184352.64877000
2017-10-14,0.01805610,0.01870310,0.01805420,0.01840410,5080728.54753000
2017-10-13,0.01808900,0.01808900,0.01776630,0.01805420,4955029.92644000
2017-10-12,0.01952380,0.01954580,0.01793460,0.01808690,4021641.08528000
2017-10-11,0.02503300,0.02503300,0.01853820,0.01954180,2818187.73732000
2017-10-10,0.01726310,0.02509600,0.01698030,0.02503300,4413321.85104000
2017-10-09,0.01957400,0.01991900,0.01725210,0.01726310,4605738.05648000
2017-10-08,0.01995400,0.01999800,0.01871100,0.01957400,4450296.05307000
2017-10-07,0.01812900,0.01999800,0.01808900,0.01995400,4396631.64204000
2017-10-06,0.01468000,0.01812900,0.01467800,0.01812900,5773609.86566000
2017-10-05,0.01191700,0.01468000,0.01181000,0.01468000,7651056.11664000
2017-10-04,0.01203400,0.01245200,0.01188500,0.01191700,7654964.02273000
2017-10-03,0.01289700,0.01289700,0.01165400,0.01203400,7121019.86834000
2017-10-02,0.01370000,0.01372200,0.01276200,0.01289700,7034889.28970000
2017-10-01,0.01375700,0.01377500,0.01334200,0.01370000,6848680.47693000
2017-09-30,0.01317800,0.01391800,0.01315600,0.01375700,6885965.14525000
2017-09-29,0.01383700,0.01385900,0.01290900,0.01317800,6915594.24671000
2017-09-28,0.01461900,0.01465900,0.01382600,0.01382800,6629949.51040000
2017-09-27,0.01238600,0.01465900,0.01224900,0.01462100,7292310.45307000
2017-09-26,0.01227300,0.01242400,0.01197300,0.01238600,6741968.11390000
2017-09-25,0.01152900,0.01227300,0.01149000,0.01227300,7183878.05774999
2017-09-24,0.01166400,0.01199700,0.01143900,0.01152900,7706753.54798999
2017-09-23,0.01041200,0.01168600,0.01039200,0.01165700,7969996.55733000
2017-09-22,0.01098400,0.01098800,0.01039200,0.01041200,7664003.83238000
2017-09-21,0.01237600,0.01239400,0.01095500,0.01098400,6218326.54374000
2017-09-20,0.01151000,0.01239400,0.01128600,0.01237600,5579244.48943000
2017-09-19,0.01343700,0.01343700,0.01150800,0.01151000,3918500.73585000
2017-09-18,0.01139700,0.01358400,0.01117500,0.01343700,5727201.35011000
2017-09-17,0.01149800,0.01168400,0.01052200,0.01139700,5999729.59573000
2017-09-16,0.01216000,0.01223400,0.01076600,0.01152000,6007477.49037000
2017-09-15,0.01242100,0.01242100,0.00789900,0.01216000,6518444.02209000
2017-09-14,0.01528400,0.01548000,0.01231200,0.01242100,5027763.03061000
2017-09-13,0.01616600,0.01618800,0.01487100,0.01528400,4225309.42765000
2017-09-12,0.01698600,0.01752600,0.01616600,0.01616600,4029480.06440000
2017-09-11,0.01666400,0.01705800,0.01616100,0.01698600,4272394.50287000
2017-09-10,0.02150400,0.02150500,0.01666300,0.01666400,4023507.79316000
2017-09-09,0.02150500,0.02150500,0.02150300,0.02150400,2459252.63053000
2017-09-08,0.02150400,0.02150500,0.02150300,0.02150400,3456599.96452000
2017-09-07,0.02150300,0.02151800,0.01956400,0.02150400,2543414.09562000
2017-09-06,0.02152600,0.02169900,0.02150300,0.02150300,2094076.12174000
2017-09-05,0.02151900,0.02164700,0.02150900,0.02153100,3285083.71856001
2017-09-04,0.02156500,0.02169900,0.02150800,0.02164300,2745876.78259000
2017-09-03,0.02150600,0.02169700,0.02139300,0.02169400,1285854.90591000
2017-09-02,0.02265000,0.02265000,0.01944000,0.02150300,1572540.07949389
2017-09-01,0.02215000,0.02397000,0.02215000,0.02265000,4585088.81749610
2017-08-31,0.02096000,0.02215000,0.02093800,0.02215000,2483204.54335820
2017-08-30,0.02025400,0.02096000,0.02019000,0.02096000,2422244.32950181
2017-08-29,0.02078400,0.02078400,0.01972800,0.02011400,2327439.00004830
2017-08-28,0.02004000,0.02078400,0.01926000,0.02078400,2504960.80394490
2017-08-27,0.02071000,0.02129000,0.02004000,0.02004000,2446323.05512770
2017-08-26,0.01912000,0.02076000,0.01908200,0.02071000,1766562.61935111
2017-08-25,0.01890000,0.01970000,0.01887000,0.01912000,2212895.52469116
2017-08-24,0.02073000,0.02146000,0.01890000,0.01890000,2575152.59424955
2017-08-23,0.02135000,0.02365700,0.02020000,0.02073000,2323804.79476559
2017-08-22,0.01955102,0.02135000,0.01658076,0.02135000,2399525.94353043
2017-08-21,0.01773594,0.01964131,0.01726318,0.01871861,9758754.74357335
2017-08-20,0.01652087,0.01820426,0.01612437,0.01773623,10052473.48083420
2017-08-19,0.01687307,0.01727620,0.01532178,0.01652066,16499620.41582095
2017-08-18,0.01717526,0.01780265,0.01662790,0.01685878,6384968.49459236
2017-08-17,0.01778045,0.01812422,0.01645731,0.01717526,8590628.79840936
2017-08-16,0.01736861,0.01836233,0.01728267,0.01777020,5244418.55236626
2017-08-15,0.01873270,0.01912859,0.01711990,0.01736861,8791020.76004040
2017-08-14,0.01881024,0.01990081,0.01843028,0.01905363,7068275.19394768
2017-08-13,0.02111737,0.02111737,0.01832476,0.01880995,9416213.69223568
2017-08-12,0.02151023,0.02264196,0.02014654,0.02111774,7633068.58922004
2017-08-11,0.02235722,0.02242268,0.02068357,0.02151020,7335646.92136002
2017-08-10,0.02311172,0.02384888,0.02222411,0.02222411,3227562.63621095
2017-08-09,0.02366197,0.02530485,0.02054265,0.02311172,12690395.32146202
2017-08-08,0.02234874,0.02390493,0.02155785,0.02390493,10070875.03586671
2017-08-07,0.02301277,0.02365988,0.02123172,0.02234973,10541590.37033658
2017-08-06,0.02380477,0.02596002,0.02226183,0.02301276,9806030.00775944
2017-08-05,0.02252666,0.02631021,0.02144903,0.02493203,15986071.06564328
2017-08-04,0.01894508,0.02247445,0.01861163,0.02227839,9442659.60723167
2017-08-03,0.01875033,0.01949451,0.01710742,0.01894521,3799222.01063078
2017-08-02,0.01803900,0.01989951,0.01745400,0.01875033,20388181.98735940
2017-08-01,0.01626900,0.01809000,0.01577200,0.01805600,6511381.76517387
2017-07-31,0.01637000,0.01700000,0.01530000,0.01628000,7648486.62072971
2017-07-30,0.01744000,0.01750000,0.01620000,0.01620100,2745880.80725403
2017-07-29,0.01700100,0.01747000,0.01525100,0.01744000,4776227.00947283
2017-07-28,0.01820000,0.01869900,0.01668400,0.01706000,6389798.72276378
2017-07-27,0.01907500,0.01926900,0.01806700,0.01820000,4992359.01841479
2017-07-26,0.01850900,0.01998000,0.01765100,0.01902900,8596109.49996466
2017-07-25,0.02258300,0.02300000,0.01734700,0.01859900,10187440.46129359
2017-07-24,0.02203400,0.02300000,0.02102900,0.02276700,3316791.59056039
2017-07-23,0.02334000,0.02500000,0.02085800,0.02203400,10128263.93885920
2017-07-22,0.01850200,0.02398600,0.01850200,0.02334000,15964580.06996489
2017-07-21,0.01852700,0.02034800,0.01806100,0.01850200,5673905.65939160
2017-07-20,0.01710800,0.02036600,0.01710800,0.01852700,9613877.63661651
2017-07-19,0.01863200,0.01999900,0.01700200,0.01735000,4931685.03992189
2017-07-18,0.01850000,0.02040800,0.01768400,0.01895900,12353205.48059330
2017-07-17,0.01555000,0.01900000,0.01400000,0.01850000,8858807.59362189
2017-07-16,0.01731500,0.01871000,0.01350100,0.01555000,10351534.84093290
2017-07-15,0.01604500,0.01849000,0.01500000,0.01731500,7197668.14371768
2017-07-14,0.01741500,0.01741500,0.01469900,0.01604500,6962517.10323206
2017-07-13,0.01776000,0.02238000,0.01555600,0.01741500,15123565.64841991
2017-07-12,0.01459400,0.01999800,0.01270100,0.01776000,13822213.60234727
2017-07-11,0.01573600,0.01699900,0.01220000,0.01452100,9417170.68240134
2017-07-10,0.01921300,0.01970100,0.01400000,0.01573600,7477352.96839688
2017-07-09,0.02110600,0.02238000,0.01921300,0.01921300,2362785.94117550
2017-07-08,0.02024868,0.02239617,0.01745383,0.02110600,5665551.09263170
2017-07-07,0.02584527,0.02600572,0.02004517,0.02024868,11007226.16015344
2017-07-06,0.02580500,0.02646400,0.02500100,0.02584527,1362400.21690173
2017-07-05,0.02635900,0.02635900,0.02351100,0.02580500,4019918.35267128
2017-07-04,0.02610200,0.02809900,0.02500000,0.02638600,3277181.03380241
2017-07-03,0.02573400,0.02675500,0.02435000,0.02610200,4202442.47458974
2017-07-02,0.02335600,0.02597900,0.02201000,0.02573000,6718467.87519531
2017-07-01,0.02700000,0.02756900,0.02291000,0.02335600,5841605.45533079
2017-06-30,0.02904000,0.02996100,0.02650000,0.02650800,1952677.88774892
2017-06-29,0.03144200,0.03295200,0.02750100,0.02904000,4712570.66152935
2017-06-28,0.02900400,0.03399900,0.02697500,0.03258500,7826093.40872536
2017-06-27,0.02897000,0.03124900,0.02401000,0.02900400,6196398.30570288
2017-06-26,0.03280800,0.03499900,0.02403900,0.02896300,13659734.04451816
2017-06-25,0.03682600,0.03696400,0.03000000,0.03280800,5148691.62951196
2017-06-24,0.03967600,0.03999900,0.03600000,0.03682600,3109512.19860157
2017-06-23,0.03938300,0.04048100,0.03876600,0.03988000,2472755.11502240
2017-06-22,0.03899600,0.03958000,0.03700100,0.03936800,3325297.64752749
2017-06-21,0.04134600,0.04182300,0.03512300,0.03899600,3316537.03842297
2017-06-20,0.04204600,0.04489900,0.03850000,0.04134600,4969040.68961104
2017-06-19,0.03800000,0.04205000,0.03700100,0.04204600,4232523.77953552
2017-06-18,0.04066700,0.04084400,0.03700000,0.03800000,2922541.33112552
2017-06-17,0.03673600,0.04279900,0.03503300,0.03991300,6931399.53556633
2017-06-16,0.03688200,0.03852800,0.03100000,0.03667500,5004886.08453445
2017-06-15,0.03904700,0.03930000,0.03000000,0.03687000,7847037.50439093
2017-06-14,0.04159600,0.04475700,0.03510600,0.03904700,5484212.55777388
2017-06-13,0.03915300,0.04300200,0.03900100,0.04159600,3534786.07581316
2017-06-12,0.04530500,0.04651100,0.03500000,0.04094900,7688965.03595896
2017-06-11,0.04150000,0.05100000,0.03550100,0.04497300,10937006.27821946
2017-06-10,0.04734100,0.04841900,0.03300000,0.04150000,6897935.71811055
2017-06-09,0.05041800,0.05318500,0.04624200,0.04734600,8566650.02838235
2017-06-08,0.04657900,0.05649300,0.04600000,0.05061400,12681187.50395497
2017-06-07,0.04420000,0.05398900,0.04400100,0.04771800,16132223.74060707
2017-06-06,0.04134400,0.04522800,0.03871000,0.04399800,13248460.71253134
2017-06-05,0.03980000,0.04356900,0.03940000,0.04134400,4151256.18028102
2017-06-04,0.03934000,0.04099900,0.03710100,0.03988700,4426289.26495692
2017-06-03,0.04030800,0.04148300,0.03750000,0.03934000,3487342.63682489
2017-06-02,0.04231600,0.04332900,0.03800100,0.04030800,7291899.34205727
2017-06-01,0.03400000,0.04400000,0.03400000,0.04210700,25921793.60033109
2017-05-31,0.03078400,0.03600000,0.02604500,0.03400000,12637955.03246483
2017-05-30,0.03692600,0.03880000,0.03000000,0.03079800,11765487.30155761
2017-05-29,0.03538400,0.03900000,0.03300000,0.03693700,10140183.59574942
2017-05-28,0.03337300,0.04113900,0.02800000,0.03538400,20175458.25572745
2017-05-27,0.04091500,0.04288500,0.02105500,0.03337300,20289998.27323527
2017-05-26,0.04000200,0.05198200,0.03110000,0.04000000,14324068.69802196
2017-05-25,0.05076000,0.05099900,0.03900000,0.04010200,10558261.61687447
2017-05-24,0.05416600,0.05790000,0.04754000,0.05095200,16474651.52125895
2017-05-23,0.05000000,0.05700000,0.05000000,0.05477700,7439073.91462617
2017-05-22,0.06000000,0.06600000,0.04500300,0.05060100,18759500.86047964
2017-05-21,0.05329800,0.06699600,0.05190300,0.06001300,21063400.61396758
2017-05-20,0.05250000,0.05477200,0.04923900,0.05329800,8726716.81834245
2017-05-19,0.04600000,0.05499600,0.04370000,0.04947300,23817057.76871144
2017-05-18,0.04897800,0.05100000,0.04348100,0.04600000,14566692.76996915
2017-05-17,0.05000000,0.05850000,0.04120000,0.04881400,25005503.65129694
2017-05-16,0.04352985,0.05249200,0.04352985,0.05007500,35227221.10917925
2017-05-15,0.03911800,0.04351900,0.03766600,0.04266800,12956452.79664296
2017-05-14,0.03735600,0.04079900,0.03693400,0.03911800,8088235.62838173
2017-05-13,0.04098700,0.04144635,0.03590700,0.03735600,9962010.18321240
2017-05-12,0.03680800,0.04645600,0.03656800,0.04099700,23431374.29808757
2017-05-11,0.03220000,0.04200000,0.02699000,0.03677200,20675265.97588994
2017-05-10,0.02750000,0.03669000,0.02700000,0.03220000,14677646.31055312
2017-05-09,0.04067588,0.04210900,0.01918500,0.02750000,41508912.86628812
2017-05-08,0.03900000,0.05434200,0.03000000,0.04198800,55596899.63233606
2017-05-07,0.02090000,0.05200000,0.01883000,0.03989300,110131255.06325802
2017-05-06,0.01065000,0.02250000,0.01065000,0.02088600,72253228.22950521
2017-05-05,0.00676900,0.01499400,0.00550000,0.01065000,28499815.78988451
2017-05-04,0.00514500,0.00729300,0.00482100,0.00676900,10261022.29237038
2017-05-03,0.00505400,0.00529900,0.00465000,0.00514500,2861816.90421808
2017-05-02,0.00500000,0.00523100,0.00450000,0.00509900,6389440.19218247
2017-05-01,0.00480500,0.00592000,0.00460700,0.00500000,19447492.13309492
2017-04-30,0.00466100,0.00550000,0.00466100,0.00480500,1323826.43555814
2017-04-29,0.00453500,0.00515000,0.00435000,0.00466100,5185280.62377631
2017-04-28,0.00403300,0.00465500,0.00399000,0.00453500,1862788.57148063
2017-04-27,0.00402600,0.00408900,0.00386300,0.00403300,704256.18878643
2017-04-26,0.00377000,0.00409000,0.00377000,0.00402600,2083523.08806312
2017-04-25,0.00400000,0.00400000,0.00374400,0.00377000,433189.01208320
2017-04-24,0.00350200,0.00400000,0.00346800,0.00400000,2964254.31577561
2017-04-23,0.00349900,0.00357000,0.00330000,0.00350200,1039908.92595992
2017-04-22,0.00345300,0.00364400,0.00343300,0.00349900,1105802.84787873
2017-04-21,0.00345500,0.00347600,0.00337500,0.00345300,60864.94044809
2017-04-20,0.00353400,0.00361300,0.00324300,0.00345500,2072614.57532821
2017-04-19,0.00370000,0.00370000,0.00350000,0.00353400,812812.84688252
2017-04-18,0.00353100,0.00370100,0.00300000,0.00370000,3266124.27953640
2017-04-17,0.00362300,0.00379900,0.00332100,0.00353100,1634961.61869930
2017-04-16,0.00336900,0.00398900,0.00336900,0.00362300,3235661.52863983
2017-04-15,0.00322300,0.00340000,0.00291400,0.00336900,637818.40479354
2017-04-14,0.00313200,0.00328300,0.00288100,0.00322300,1169395.01138204
2017-04-13,0.00309700,0.00317800,0.00285100,0.00289100,2401027.37004268
2017-04-12,0.00280000,0.00325000,0.00276900,0.00309700,2191870.80818866
2017-04-11,0.00285800,0.00287900,0.00270000,0.00280000,1699645.75097127
2017-04-10,0.00276900,0.00287500,0.00270900,0.00285800,2433135.06469038
2017-04-09,0.00306400,0.00310200,0.00270100,0.00276900,1471580.06148355
2017-04-08,0.00271900,0.00309700,0.00261200,0.00306400,4680932.53056596
2017-04-07,0.00283100,0.00297500,0.00267000,0.00271900,2480286.72756775
2017-04-06,0.00308200,0.00344000,0.00276200,0.00283100,3747377.73011823
2017-04-05,0.00299600,0.00350800,0.00292500,0.00308200,5313715.31391015
2017-04-04,0.00303600,0.00350000,0.00279000,0.00300000,3693044.35293021
2017-04-03,0.00440500,0.00509000,0.00250100,0.00305300,12716018.12294082
2017-04-02,0.00285000,0.00460000,0.00254000,0.00440500,4288159.88915979
2017-04-01,0.00228200,0.00285000,0.00214900,0.00285000,5716369.56938020
2017-03-31,0.00230000,0.00283300,0.00212100,0.00229000,15667523.70323370
2017-03-30,0.00199000,0.00230000,0.00188300,0.00230000,13103484.63841920
2017-03-29,0.00209500,0.00210000,0.00188000,0.00191700,1700301.93150370
2017-03-28,0.00187000,0.00209500,0.00185000,0.00209500,506166.96223466
2017-03-27,0.00199100,0.00219500,0.00186000,0.00187000,4032115.91714396
2017-03-26,0.00200000,0.00205000,0.00190000,0.00199100,617149.82608063
2017-03-25,0.00195000,0.00219900,0.00195000,0.00200000,177010.00000000
2017-03-24,0.00220000,0.00239600,0.00187100,0.00195000,17227035.92107638
2017-03-23,0.00188000,0.00220000,0.00185900,0.00211600,191537.06329446
2017-03-22,0.00210000,0.00224900,0.00185900,0.00188000,649625.55308255
2017-03-21,0.00199900,0.00210000,0.00172100,0.00210000,1793495.06915075
2017-03-20,0.00170100,0.00199900,0.00170100,0.00199900,858449.75814154
2017-03-19,0.00198300,0.00199900,0.00170100,0.00170100,1082121.62091317
2017-03-18,0.00176800,0.00199300,0.00176800,0.00198300,627899.47506853
2017-03-17,0.00169100,0.00197700,0.00167400,0.00176800,3144784.04980857
2017-03-16,0.00193800,0.00199200,0.00167500,0.00169100,1996161.41996696
2017-03-15,0.00181700,0.00199900,0.00181700,0.00193800,317604.24271001
2017-03-14,0.00184900,0.00209800,0.00180000,0.00181700,213956.25273345
2017-03-13,0.00176700,0.00209300,0.00176700,0.00184900,791597.47439331
2017-03-12,0.00166100,0.00182200,0.00166100,0.00176700,350023.36022616
2017-03-11,0.00140200,0.00177000,0.00140200,0.00166100,2360527.89582313
2017-03-10,0.00201400,0.00201400,0.00140200,0.00140200,1002464.78571580
2017-03-09,0.00180000,0.00202600,0.00170300,0.00201400,1188143.71426651
2017-03-08,0.00196700,0.00210000,0.00180000,0.00180000,1035441.15715047
2017-03-07,0.00181700,0.00200000,0.00181700,0.00196700,1968760.87892259
2017-03-06,0.00174200,0.00181700,0.00171000,0.00181700,1292719.88793111
2017-03-05,0.00175000,0.00175000,0.00170000,0.00174200,1165051.65675381
2017-03-04,0.00170200,0.00175000,0.00170100,0.00175000,434861.53349149
2017-03-03,0.00173600,0.00184800,0.00170000,0.00170200,1434051.00628734
2017-03-02,0.00174000,0.00174400,0.00169100,0.00173600,585963.08952260
2017-03-01,0.00192000,0.00192000,0.00170800,0.00174000,1366155.15555559
2017-02-28,0.00180400,0.00193400,0.00179300,0.00192000,179008.50615437
2017-02-27,0.00188400,0.00188600,0.00179500,0.00180400,234547.66841817
2017-02-26,0.00185700,0.00188400,0.00173200,0.00188400,226339.73100318
2017-02-25,0.00183100,0.00185700,0.00180000,0.00185700,2355124.48039615
2017-02-24,0.00196000,0.00200000,0.00180600,0.00183100,3283084.36532740
2017-02-23,0.00195100,0.00198500,0.00195000,0.00196000,139578.37483882
2017-02-22,0.00198500,0.00236700,0.00195100,0.00195100,416068.53212288
2017-02-21,0.00198500,0.00198500,0.00198500,0.00198500,810.43327889
2017-02-20,0.00198500,0.00206300,0.00195300,0.00198500,1414438.95027226
2017-02-19,0.00204700,0.00204700,0.00198500,0.00198500,255960.35490990
2017-02-18,0.00236100,0.00236100,0.00195900,0.00204700,46817.07317073
2017-02-17,0.00216400,0.00236100,0.00216400,0.00236100,100.00000000
2017-02-16,0.00189400,0.00220700,0.00189400,0.00216400,1082.12821833
2017-02-15,0.00189200,0.00198400,0.00189200,0.00189400,1592.48000000
2017-02-14,0.00216800,0.00216800,0.00189200,0.00189200,10592.30173647
2017-02-13,0.00216800,0.00216800,0.00216800,0.00216800,0.00000000
2017-02-12,0.00231900,0.00231900,0.00189200,0.00216800,22149.13372380
2017-02-11,0.00218100,0.00231900,0.00217300,0.00231900,60262.51754670
2017-02-10,0.00205600,0.00218400,0.00205600,0.00218100,7355.44592492
2017-02-09,0.00220000,0.00220100,0.00205600,0.00205600,2750548.27918193
2017-02-08,0.00227500,0.00227500,0.00220000,0.00220000,820768.70577675
2017-02-07,0.00234200,0.00234600,0.00227500,0.00227500,4467.20461306
2017-02-06,0.00244200,0.00244200,0.00234200,0.00234200,168.84034337
2017-02-05,0.00229200,0.00244200,0.00229200,0.00244200,227.87107781
2017-02-04,0.00229200,0.00229200,0.00229200,0.00229200,0.00000000
2017-02-03,0.00221500,0.00245700,0.00221500,0.00229200,475728.62169434
2017-02-02,0.00248100,0.00248300,0.00221500,0.00221500,953700.33201964
2017-02-01,0.00214900,0.00248100,0.00214900,0.00248100,67213.23017276
2017-01-31,0.00240000,0.00249700,0.00214900,0.00214900,281802.72984522
2017-01-30,0.00220000,0.00240000,0.00220000,0.00240000,1006695.44758611
2017-01-29,0.00215300,0.00220000,0.00215200,0.00220000,36060.78570000
2017-01-28,0.00215200,0.00215300,0.00215200,0.00215300,5043.91415929
2017-01-27,0.00215400,0.00239800,0.00215200,0.00215200,629329.79204117
2017-01-26,0.00214600,0.00216500,0.00207200,0.00215400,1163887.27006099
2015-01-29,0.00422000,0.00422000,0.00422000,0.00422000,0.00000000
2015-01-28,0.00422000,0.00422000,0.00422000,0.00422000,0.00000000
2015-01-27,0.00500000,0.00500000,0.00422000,0.00422000,0.96378108
2015-01-26,0.00500000,0.00500000,0.00500000,0.00500000,0.00000000
2015-01-25,0.00500000,0.00500000,0.00500000,0.00500000,0.00000000
2015-01-24,0.00500000,0.00500000,0.00500000,0.00500000,0.00000000
2015-01-23,0.00500000,0.00500000,0.00500000,0.00500000,0.00000000
2015-01-22,0.00500000,0.00500000,0.00500000,0.00500000,0.00000000
2015-01-21,0.00500000,0.00500000,0.00500000,0.00500000,0.00000000
2015-01-20,0.00500000,0.00500000,0.00500000,0.00500000,0.00000000
2015-01-19,0.00500000,0.00500000,0.00500000,0.00500000,0.00000000
2015-01-18,0.00500000,0.00500000,0.00500000,0.00500000,0.00000000
2015-01-17,0.00500000,0.00500000,0.00500000,0.00500000,0.00000000
2015-01-16,0.00500000,0.00500000,0.00500000,0.00500000,0.00000000
2015-01-15,0.00500000,0.00500000,0.00500000,0.00500000,0.00000000
2015-01-14,0.00500000,0.00500000,0.00500000,0.00500000,0.00000000
2015-01-13,0.00500000,0.00500000,0.00500000,0.00500000,0.00000000
2015-01-12,0.00500000,0.00500000,0.00500000,0.00500000,0.00000000
2015-01-11,0.00500000,0.00500000,0.00500000,0.00500000,0.00000000
2015-01-10,0.00500000,0.00500000,0.00500000,0.00500000,0.00000000
2015-01-09,0.00500000,0.00500000,0.00500000,0.00500000,0.00000000
2015-01-08,0.00500000,0.00500000,0.00500000,0.00500000,0.00000000
2015-01-07,0.00500000,0.00500000,0.00500000,0.00500000,0.00000000
2015-01-06,0.00500000,0.00500000,0.00500000,0.00500000,0.00000000
2015-01-05,0.00500000,0.00500000,0.00500000,0.00500000,0.00000000
2015-01-04,0.00500000,0.00500000,0.00500000,0.00500000,0.00000000
2015-01-03,0.00500000,0.00500000,0.00500000,0.00500000,0.00000000
2015-01-02,0.00500000,0.00500000,0.00500000,0.00500000,0.00000000
2015-01-01,0.00500000,0.00500000,0.00500000,0.00500000,0.00000000
2014-12-31,0.00500000,0.00500000,0.00500000,0.00500000,0.00000000
2014-12-30,0.00500000,0.00500000,0.00500000,0.00500000,0.00000000
2014-12-29,0.00500000,0.00500000,0.00500000,0.00500000,0.00000000
2014-12-28,0.00500000,0.00500000,0.00500000,0.00500000,0.00000000
2014-12-27,0.00500000,0.00500000,0.00500000,0.00500000,0.00000000
2014-12-26,0.00500000,0.00500000,0.00500000,0.00500000,0.00000000
2014-12-25,0.00500000,0.00500000,0.00500000,0.00500000,0.00000000
2014-12-24,0.00500000,0.00500000,0.00500000,0.00500000,0.00000000
2014-12-23,0.00500000,0.00500000,0.00500000,0.00500000,0.00000000
2014-12-22,0.00500000,0.00500000,0.00500000,0.00500000,0.00000000
2014-12-21,0.00500000,0.00500000,0.00500000,0.00500000,0.00000000
2014-12-20,0.00270000,0.00500000,0.00270000,0.00500000,2630.76038000
2014-12-19,0.00270000,0.00270000,0.00270000,0.00270000,0.00000000
2014-12-18,0.00270000,0.00270000,0.00270000,0.00270000,0.00000000
2014-12-17,0.00270000,0.00270000,0.00270000,0.00270000,0.00000000
2014-12-16,0.00270000,0.00270000,0.00270000,0.00270000,0.00000000
2014-12-15,0.00270000,0.00270000,0.00270000,0.00270000,0.00000000
2014-12-14,0.00270000,0.00270000,0.00270000,0.00270000,0.00000000
2014-12-13,0.00270000,0.00270000,0.00270000,0.00270000,0.00000000
2014-12-12,0.00270000,0.00270000,0.00270000,0.00270000,0.00000000
2014-12-11,0.00270000,0.00270000,0.00270000,0.00270000,0.00000000
2014-12-10,0.00270000,0.00270000,0.00270000,0.00270000,0.00000000
2014-12-09,0.00270000,0.00270000,0.00270000,0.00270000,0.00000000
2014-12-08,0.00270000,0.00270000,0.00270000,0.00270000,0.00000000
2014-12-07,0.00270000,0.00270000,0.00270000,0.00270000,0.00000000
2014-12-06,0.00270000,0.00270000,0.00270000,0.00270000,0.00000000
2014-12-05,0.00270000,0.00270000,0.00270000,0.00270000,0.00000000
2014-12-04,0.00270000,0.00270000,0.00270000,0.00270000,0.00000000
2014-12-03,0.00270000,0.00270000,0.00270000,0.00270000,0.00000000
2014-12-02,0.00000400,0.00270000,0.00000400,0.00270000,0.04122873
2014-12-01,0.00000400,0.00000400,0.00000400,0.00000400,0.00000000
2014-11-30,0.00000400,0.00000400,0.00000400,0.00000400,0.00000000
2014-11-29,0.00000400,0.00000400,0.00000400,0.00000400,0.00000000
2014-11-28,0.00000400,0.00000400,0.00000400,0.00000400,0.00000000
2014-11-27,0.00000400,0.00000400,0.00000400,0.00000400,0.00000000
2014-11-26,0.00000400,0.00000400,0.00000400,0.00000400,0.00000000
2014-11-25,0.00000400,0.00000400,0.00000400,0.00000400,0.00000000
2014-11-24,0.00000400,0.00000400,0.00000400,0.00000400,0.00000000
2014-11-23,0.00000400,0.00000400,0.00000400,0.00000400,0.00000000
2014-11-22,0.00000400,0.00000400,0.00000400,0.00000400,0.00000000
2014-11-21,0.00000400,0.00000400,0.00000400,0.00000400,0.00000000
2014-11-20,0.00000400,0.00000400,0.00000400,0.00000400,0.00000000
2014-11-19,0.00000400,0.00000400,0.00000400,0.00000400,0.00000000
2014-11-06,0.00000400,0.00000400,0.00000400,0.00000400,0.08141730
2014-11-05,0.00000400,0.00000400,0.00000400,0.00000400,0.08141730
2014-10-04,0.00040000,0.00040000,0.00040000,0.00040000,100.00000000
2014-10-03,0.00040000,0.00040000,0.00040000,0.00040000,100.00000000
2014-10-02,0.00500000,0.00500000,0.00500000,0.00500000,287.00000000
2014-10-01,0.00500000,0.00500000,0.00500000,0.00500000,287.00000000
2014-09-20,0.00500000,0.00500000,0.00500000,0.00500000,3.00000000
2014-09-19,0.00040000,0.00500000,0.00040000,0.00500000,48.00000000
2014-09-16,0.00500000,0.00500000,0.00500000,0.00500000,25.90451199
